{"cameraMode":{"drawMode":0,"name":"Shaded","section":"Shading Mode"},"sceneLighting":true,"audioPlay":false,"sceneViewState":{"showFog":true,"showMaterialUpdate":false,"showSkybox":false,"showFlares":true,"showImageEffects":true,"showParticleSystems":true},"in2DMode":false,"pivot":{"x":1.0420823097229005,"y":1.4403245449066163,"z":-3.1726675033569338},"rotation":{"x":0.10749264806509018,"y":-0.49681729078292849,"z":0.062175240367650989,"w":0.8589268326759338},"size":4.03737211227417,"orthographic":true}