{"cameraMode":{"drawMode":0,"name":"Shaded","section":"Shading Mode"},"sceneLighting":true,"audioPlay":false,"sceneViewState":{"showFog":true,"showMaterialUpdate":false,"showSkybox":false,"showFlares":true,"showImageEffects":true,"showParticleSystems":true},"in2DMode":false,"pivot":{"x":1.8600000143051148,"y":0.44999998807907107,"z":2.3400001525878908},"rotation":{"x":0.09289977699518204,"y":-0.8626230955123901,"z":0.17172136902809144,"w":0.46666765213012698},"size":2.121321201324463,"orthographic":true}