{"cameraMode":{"drawMode":0,"name":"Shaded","section":"Shading Mode"},"sceneLighting":true,"audioPlay":false,"sceneViewState":{"showFog":true,"showMaterialUpdate":false,"showSkybox":false,"showFlares":true,"showImageEffects":true,"showParticleSystems":true},"in2DMode":false,"pivot":{"x":0.0576171875,"y":2.3066132068634035,"z":1.074358582496643},"rotation":{"x":0.27103179693222048,"y":-0.015302353538572789,"z":0.004309311509132385,"w":0.9624401926994324},"size":3.4948253631591799,"orthographic":true}